RANK,COUNTRY,YEARS
1,Monaco,89.68
2,Macau,84.43
3,Japan,83.91
4,Singapore,83.75
5,San Marino,83.07
6,Andorra,82.5
7,Guernsey,82.24
8,Hong Kong,82.12
9,Australia,81.9
10,Italy,81.86
11,Liechtenstein,81.5
12,Canada,81.48
13,Jersey,81.47
14,France,81.46
15,Spain,81.27
16,Sweden,81.18
17,Switzerland,81.17
18,Israel,81.07
19,Iceland,81
20,Anguilla,80.98
21,Netherlands,80.91
22,Bermuda,80.82
23,Cayman Islands,80.8
24,Isle of Man,80.76
25,New Zealand,80.71
26,Ireland,80.32
27,Norway,80.32
28,Germany,80.19
29,Jordan,80.18
30,United Kingdom,80.17
31,Greece,80.05
32,Saint Pierre and Miquelon,80
33,Austria,79.91
34,Faroe Islands,79.85
35,Malta,79.85
36,European Union,79.76
37,Luxembourg,79.75
38,Belgium,79.65
39,Virgin Islands,79.47
40,Finland,79.41
41,"Korea, South",79.3
42,Turks and Caicos Islands,79.26
43,Wallis and Futuna,79.12
44,Puerto Rico,79.07
45,Bosnia and Herzegovina,78.96
46,"Saint Helena, Ascension, and Tristan da Cunha",78.91
47,Gibraltar,78.83
48,Denmark,78.78
49,Portugal,78.7
50,Guam,78.5
51,United States,78.49
52,Taiwan,78.48
53,Bahrain,78.29
54,Chile,78.1
55,Qatar,78.09
56,Cyprus,78
57,Panama,77.96
58,British Virgin Islands,77.95
59,Costa Rica,77.89
60,Cuba,77.87
61,Libya,77.83
62,Albania,77.59
63,Slovenia,77.48
64,Dominican Republic,77.44
65,Czech Republic,77.38
66,Georgia,77.32
67,Kuwait,77.28
68,Northern Mariana Islands,77.27
69,Argentina,77.14
70,Saint Lucia,77.04
71,New Caledonia,76.94
72,United Arab Emirates,76.71
73,Mexico,76.66
74,Uruguay,76.41
75,Paraguay,76.4
76,French Polynesia,76.39
77,Brunei,76.37
78,Poland,76.25
79,Dominica,76.18
80,Morocco,76.11
81,Slovakia,76.03
82,Croatia,75.99
83,Sri Lanka,75.94
84,Ecuador,75.94
85,Aruba,75.93
86,Antigua and Barbuda,75.69
87,Lithuania,75.55
88,Tonga,75.38
89,Macedonia,75.36
90,West Bank,75.24
91,Tunisia,75.24
92,Lebanon,75.23
93,Hungary,75.02
94,Cook Islands,74.92
95,Syria,74.92
96,China,74.84
97,Saint Kitts and Nevis,74.84
98,Colombia,74.79
99,Algeria,74.73
100,Mauritius,74.71
101,Maldives,74.69
102,Serbia,74.56
103,Barbados,74.52
104,Oman,74.47
105,American Samoa,74.44
106,Solomon Islands,74.42
107,Saint Vincent and the Grenadines,74.39
108,Saudi Arabia,74.35
109,Romania,74.22
110,Gaza Strip,74.16
111,Venezuela,74.08
112,Malaysia,74.04
113,Bulgaria,73.84
114,Thailand,73.83
115,Seychelles,73.77
116,El Salvador,73.69
117,Estonia,73.58
118,Armenia,73.49
119,Jamaica,73.43
120,Montserrat,73.41
121,Grenada,73.3
122,Egypt,72.93
123,Latvia,72.93
124,Brazil,72.79
125,Turkey,72.77
126,Uzbekistan,72.77
127,Peru,72.73
128,Samoa,72.66
129,Vietnam,72.41
130,Nicaragua,72.18
131,Palau,72.06
132,Marshall Islands,72.03
133,Philippines,71.94
134,"Micronesia, Federated States of",71.8
135,Trinidad and Tobago,71.67
136,Indonesia,71.62
137,Fiji,71.59
138,Belarus,71.48
139,"Bahamas, The",71.44
140,Azerbaijan,71.32
141,Greenland,71.25
142,Guatemala,71.17
143,Suriname,71.12
144,Cape Verde,71
145,Iraq,70.85
146,Honduras,70.71
147,Iran,70.35
148,Bangladesh,70.06
149,Kazakhstan,69.63
150,Moldova,69.51
151,Kyrgyzstan,69.45
152,"Korea, North",69.2
153,Turkmenistan,68.84
154,Ukraine,68.74
155,Mongolia,68.63
156,Belize,68.28
157,Timor-Leste,68.27
158,Bolivia,67.9
159,Bhutan,67.88
160,Guyana,67.39
161,India,67.14
162,Nepal,66.51
163,Papua New Guinea,66.46
164,Russia,66.46
165,Tajikistan,66.38
166,Pakistan,66.35
167,Nauru,65.7
168,Burma,65.24
169,Tuvalu,65.11
170,Vanuatu,65.06
171,Kiribati,64.76
172,Yemen,64.11
173,Madagascar,64
174,"Gambia, The",63.82
175,Sao Tome and Principe,63.49
176,Togo,63.17
177,Kenya,63.07
178,Cambodia,63.04
179,Eritrea,62.86
180,Laos,62.77
181,Equatorial Guinea,62.75
182,Comoros,62.74
183,Sudan,62.57
184,Haiti,62.51
185,Djibouti,61.57
186,Mauritania,61.53
187,Western Sahara,61.52
188,Ghana,61.45
189,Benin,60.26
190,Senegal,60.18
191,Burundi,59.24
192,Guinea,58.61
193,Rwanda,58.44
194,Liberia,57.41
195,Cote d'Ivoire,57.25
196,Ethiopia,56.56
197,Sierra Leone,56.55
198,Botswana,55.74
199,"Congo, Democratic Republic of the",55.74
200,"Congo, Republic of the",55.27
201,Cameroon,54.71
202,Angola,54.59
203,Burkina Faso,54.07
204,Niger,53.8
205,Uganda,53.45
206,Tanzania,53.14
207,Mali,53.06
208,Zambia,52.57
209,Malawi,52.31
210,Gabon,52.29
211,Namibia,52.17
212,Nigeria,52.05
213,Mozambique,52.02
214,Lesotho,51.86
215,Zimbabwe,51.82
216,Somalia,50.8
217,Central African Republic,50.48
218,Afghanistan,49.72
219,Swaziland,49.42
220,South Africa,49.41
221,Guinea-Bissau,49.11
222,Chad,48.69
